CHROM,ID,P
1,ARS-BFGL-NGS-103307,8.01586e-8
3,ARS-BFGL-NGS-59223,3.40834e-9
3,ARS-BFGL-NGS-83033,1.2374e-26
3,BTB-00156962,1.76951e-8
4,BTA-96426-no-rs,1.03519e-8
4,ARS-BFGL-NGS-116726,1.67877e-12
5,ARS-BFGL-NGS-117339,5.33213e-9
5,INRA-233,2.3730699999999997e-28
6,BTA-88044-no-rs,1.12264e-13
6,ARS-BFGL-NGS-24688,7.012770000000001e-24
7,ARS-BFGL-NGS-104648,8.98239e-10
7,ARS-BFGL-NGS-36142,9.733519999999999e-29
8,BTB-00335470,1.38371e-14
8,ARS-BFGL-NGS-118610,1.6156800000000001e-18
8,UA-IFASA-444,2.23527e-22
9,ARS-BFGL-NGS-26493,1.13656e-7
10,BovineHD1000000041,1.53514e-8
12,BovineHD1200020066,2.96226e-10
12,BovineHD1200020082,9.24151e-11
12,BovineHD1200020085,2.96226e-10
12,BovineHD1200020087,2.96226e-10
12,BovineHD1200020088,2.96226e-10
12,BovineHD1200020092,7.83459e-11
12,BovineHD1200020097,1.12971e-9
12,BovineHD1200020099,1.03728e-9
12,BovineHD1200020101,1.03728e-9
12,BovineHD1200020106,1.79176e-10
12,BovineHD1200020488,5.32818e-12
12,BovineHD1200020644,1.47851e-17
12,BovineHD1200028373,3.69306e-7
17,Hapmap34224-BES3_Contig407_1134,1.50247e-13
18,Hapmap60430-rs29016898,4.44965e-7
18,ARS-BFGL-NGS-29914,5.9666e-8
18,ARS-BFGL-NGS-104777,3.5402299999999995e-20
18,ARS-BFGL-NGS-117714,7.43884e-9
19,Hapmap57560-rs29010276,5.38787e-23
22,Hapmap41094-BTA-83358,3.5402299999999995e-20
23,BovineHD2300007216,3.36683e-9
23,ARS-BFGL-NGS-7638,1.09793e-10
23,ARS-BFGL-NGS-105563,5.38787e-23
24,Hapmap40213-BTA-28950,9.73365e-17
24,ARS-BFGL-NGS-4581,2.96226e-10
25,ARS-BFGL-BAC-5532,9.03248e-16
25,ARS-BFGL-NGS-113695,4.66078e-12
26,BTB-01175272,1.29947e-8
27,ARS-BFGL-NGS-64706,7.3849e-12
28,BTB-02015177,1.54356e-16
29,ARS-BFGL-NGS-42002,3.25736e-14
